episode,stage,num_agents,added_agents,skipped_agents,reward,speed_loss,mean_speed,min_speed,speed_05,speed_10,stopped_ratio,evacuation_ratio,throughput_agents_per_second,mean_density,max_density,classic_mean_density,classic_max_density,remaining_agents,iterations,elapsed_time,actor_loss,critic_1_loss,critic_2_loss,pair_1_action,pair_2_action,pair_3_action,pair_4_action,pair_5_action,pair_6_action,pair_7_action
0,stage_1_fixed_small,50.0,49.0,1.0,-0.08701717280304788,0.19425100654178118,1.1280485908415063,6.142957305581455e-11,0.8794478178817602,1.0180593035493386,0.015527950310559006,0.30612244897959184,0.6,0.011738437449269975,0.013234309124221192,0.011738437449269975,0.013234309124221192,34.0,500.0,25.0,,,,0.7100075,0.17761414,0.43476462,0.59412736,0.6124821,0.52956074,0.5599375
1,stage_1_fixed_small,50.0,50.0,0.0,-0.13531408423220526,0.23081569838539118,1.0768580222604522,0.0,0.0042583527834485525,0.7707059661925451,0.07164634146341463,0.22,0.44,0.011966973399609743,0.01350439706553183,0.011966973399609743,0.013504397065531828,39.0,500.0,25.0,,,,0.33041131,0.17646581,0.90028805,0.118012376,0.24765031,0.9424924,0.20862992
2,stage_1_fixed_small,50.0,50.0,0.0,-0.09952216757096886,0.21684802878095077,1.0964127597066688,0.0035604002259408555,0.3622073126953421,0.7121640048383061,0.02130492676431425,0.12,0.24,0.012995385176138706,0.013504397065531828,0.012995385176138706,0.013504397065531828,44.0,500.0,25.0,,,,0.21284342,0.8967401,0.15135774,0.9486482,0.9372171,0.029855996,0.16702443
3,stage_2_random_small,59.0,58.0,1.0,-0.09591603507956413,0.18929133458170333,1.1349921315856153,3.0846195794407096e-06,0.808724845159935,1.0012928685459086,0.03366583541147132,0.22413793103448276,0.52,0.014356212880434606,0.015665100596016925,0.014356212880434606,0.01566510059601692,45.0,500.0,25.0,-0.9450277090072632,0.010499216616153717,0.0029682335443794727,0.9113235,0.57134295,0.54329884,0.28289336,0.7082007,0.15519522,0.67059267
4,stage_2_random_small,164.0,163.0,1.0,-0.1494908450125221,0.2812282630145082,1.0062804317796885,1.0720489150255455e-10,0.10014901331382899,0.45643966940532515,0.061665899677864705,0.2546583850931677,1.64,0.03914197549455688,0.04348415855101249,0.03914197549455688,0.04348415855101249,120.0,500.0,25.0,-0.8255184888839722,0.004668214824050665,0.0019035026198253036,0.04361581,0.4885209,0.8422072,0.44216663,0.35675803,0.4703953,0.05950099
