episode,stage,num_agents,added_agents,skipped_agents,reward,evacuation_ratio,throughput_agents_per_second,mean_density,max_density,general_mean_density,general_max_density,remaining_agents,iterations,elapsed_time,actor_loss,critic_1_loss,critic_2_loss,pair_1_action,pair_2_action,pair_3_action,pair_4_action,pair_5_action,pair_6_action,pair_7_action
0,stage_1_fixed_small,50,50,0,-0.01920221382741199,0.20408163265306123,0.4,0.011935809406381594,0.013234309124221194,0.011935809406381594,0.013234309124221192,39,500,25.0,,,,0.7589041290206961,0.23985886175754811,0.0722407651797008,0.13836764387591205,0.9151127412901304,0.19807672628141748,0.409929035107648
1,stage_1_fixed_small,50,50,0,-0.019794329698746845,0.16,0.32,0.012579865266430032,0.013504397065531828,0.012579865266430032,0.013504397065531828,42,500,25.0,,,,0.827686607837677,0.009715080261230469,0.250577837228775,0.3625261187553406,0.05135414004325867,0.8255261182785034,0.5505048036575317
2,stage_1_fixed_small,50,50,0,-0.019835881689717713,0.22,0.44,0.012662969248371767,0.013504397065531828,0.012662969248371767,0.013504397065531828,39,500,25.0,,,,0.6670898199081421,0.4330626428127289,0.9062338471412659,0.2787788510322571,0.9829972982406616,0.8277885913848877,0.9986824989318848
3,stage_2_random_small,63,63,0,-0.02438063070215631,0.24193548387096775,0.6,0.015270356681793683,0.016745452361259468,0.015270356681793683,0.016745452361259468,47,500,25.0,-0.8997832536697388,0.0018742012325674295,0.003141072578728199,0.31405104276987017,0.011155510541532077,0.4050293618979721,0.03066227709289515,0.6191938119192825,0.1233465842721242,0.0702778932706365
