episode,stage,num_agents,added_agents,skipped_agents,reward,speed_loss,mean_speed,min_speed,speed_05,speed_10,stopped_ratio,evacuation_ratio,throughput_agents_per_second,mean_density,max_density,classic_mean_density,classic_max_density,remaining_agents,iterations,elapsed_time,actor_loss,critic_1_loss,critic_2_loss,pair_1_action,pair_2_action,pair_3_action,pair_4_action,pair_5_action,pair_6_action,pair_7_action
0,stage_1_fixed_small,50.0,50.0,0.0,-0.1574970838471276,0.2330284239035333,1.0737602065350533,3.331537165716902e-05,0.012560312217283653,0.1483397518231123,0.10714285714285714,0.3,0.6,0.012465597291260152,0.01350439706553183,0.01246559729126015,0.013504397065531828,35.0,500.0,25.0,,,,0.18236354,0.9458636,0.06253623,0.9847833,0.5594452,0.7343488,0.9319509
1,stage_1_fixed_small,50.0,50.0,0.0,-0.11088388798723196,0.21113042481389488,1.104417405260547,0.0,0.9509398493597867,1.0111901067321516,0.04405286343612335,0.20408163265306123,0.4,0.012133181363493213,0.013234309124221194,0.012133181363493213,0.013234309124221192,39.0,500.0,25.0,,,,0.3096733,0.10229942,0.08011034,0.79477763,0.06365314,0.7007757,0.64636517
2,stage_1_fixed_small,50.0,50.0,0.0,-0.06559434426804919,0.14602178881383554,1.1955694956606302,0.0,1.014778399313192,1.0288957374905143,0.011976047904191617,0.24,0.48,0.012122793365750497,0.01350439706553183,0.012122793365750497,0.013504397065531828,38.0,500.0,25.0,,,,0.77597505,0.29594266,0.9668814,0.60540473,0.72921634,0.7301458,0.6148644
3,stage_2_random_small,149.0,148.0,1.0,-0.09772145589612506,0.1961677265737246,1.1253651827967854,7.95155401630164e-05,0.645412184706985,0.9923625309192704,0.03209060877772534,0.21621621621621623,1.28,0.037324075889581435,0.039973015313974215,0.037324075889581435,0.039973015313974215,116.0,500.0,25.0,-0.7946086525917053,0.029986267909407616,0.023354781791567802,0.63715774,0.6771496,0.24821086,0.5718868,0.59760207,0.52282315,0.76554483
4,stage_2_random_small,173.0,172.0,1.0,-0.1793140790070486,0.33991290682488884,0.9241219304451556,3.346168086735298e-05,0.07251423318173324,0.2736579441555916,0.07224819379515512,0.19883040935672514,1.36,0.042061002860260294,0.04618503796411885,0.042061002860260294,0.04618503796411885,137.0,500.0,25.0,-0.8423129916191101,0.01687951199710369,0.008049841038882732,0.98794776,0.19562578,0.11441937,0.731017,0.072479546,0.6491275,0.07004094
