episode,stage,num_agents,added_agents,skipped_agents,reward,speed_loss,mean_speed,min_speed,speed_05,speed_10,stopped_ratio,evacuation_ratio,throughput_agents_per_second,mean_density,max_density,classic_mean_density,classic_max_density,remaining_agents,iterations,elapsed_time,actor_loss,critic_1_loss,critic_2_loss,pair_1_action,pair_2_action,pair_3_action,pair_4_action,pair_5_action,pair_6_action,pair_7_action
0,stage_1_fixed_small,50,49,1,-0.0848910411585658,0.17646322701983663,1.1529514821722286,6.091238869649526e-05,0.6853042966351435,1.002970073727159,0.023842917251051893,0.14583333333333334,0.28,0.012382493309318414,0.012964221182910558,0.012382493309318414,0.012964221182910554,41,500,25.0,,,,0.03582216909912017,0.19987527920172932,0.5344375627436689,0.9963984109975956,0.04044149935632868,0.7237576677205103,0.13114207898641994
1,early_heavy_probe,786,781,5,-0.2438142083226625,0.4449757013935637,0.7770340180490107,9.863120438450852e-05,0.05483780294260487,0.16633402468974484,0.10970654627539503,0.17380025940337224,5.36,0.19482689766465341,0.2082378027505008,0.19482689766465341,0.2082378027505008,637,500,25.0,,,,0.15203261375427246,0.8905907273292542,0.10024586319923401,0.2794393002986908,0.4891473948955536,0.27296143770217896,0.5530409812927246
2,stage_1_fixed_small,50,50,0,-0.0683117841870043,0.1611176247187185,1.174435325393794,0.00396518593279205,0.8762562896805631,1.020881048611865,0.00644122383252818,0.36,0.72,0.011572229485386505,0.013504397065531828,0.011572229485386505,0.013504397065531828,32,500,25.0,,,,0.613113284111023,0.17128294706344604,0.24178266525268555,0.3647056818008423,0.08089262247085571,0.9078683853149414,0.7614634037017822
3,stage_2_random_small,141,140,1,-0.21384755995499388,0.33636070316617317,0.9290950155673575,0.0,0.0048411161953528774,0.11039645598216621,0.13217213114754098,0.21428571428571427,1.2,0.034758240447130384,0.03781231178348912,0.034758240447130384,0.03781231178348912,110,500,25.0,-0.8468974828720093,0.037046272307634354,0.053097181022167206,0.037202754828074114,0.8993829236226255,0.08477875782587041,0.2623491682822333,0.16514313354972054,0.3062080473850838,0.23640868773231227
