episode,stage,num_agents,added_agents,skipped_agents,reward,speed_loss,mean_speed,min_speed,speed_05,speed_10,stopped_ratio,evacuation_ratio,throughput_agents_per_second,mean_density,max_density,classic_mean_density,classic_max_density,remaining_agents,iterations,elapsed_time,actor_loss,critic_1_loss,critic_2_loss,pair_1_action,pair_2_action,pair_3_action,pair_4_action,pair_5_action,pair_6_action,pair_7_action
0,stage_1_fixed_small,50,50,0,-0.06563378315877148,0.16408445789692871,1.1702817589442998,0.917227160031772,1.0125552466896641,1.024991687831848,0.0,0.24,0.48,0.012517537279973732,0.01350439706553183,0.012517537279973732,0.013504397065531828,38,500,25.0,,,,0.8951907029513037,0.8043293791483633,0.06487575952645164,0.9020138393199267,0.458638174144259,0.16906893340905538,0.7336927068417716
1,stage_1_fixed_small,50,50,0,-0.13873395149953813,0.23939105852412623,1.0648525180662232,0.0,5.878392699659007e-05,0.6422716224985354,0.07162921348314606,0.18,0.36,0.012579865266430033,0.01350439706553183,0.012579865266430033,0.013504397065531828,41,500,25.0,,,,0.06385524443340895,0.9434038075565266,0.11968850510097084,0.010249500372062736,0.22946450944246555,0.5717558943282904,0.8284483670413754
2,stage_1_fixed_small,50,50,0,-0.11075207292040076,0.21367793510999067,1.100850890846013,5.841590555514898e-11,0.3607442945337112,0.9518212420099157,0.042134831460674156,0.1836734693877551,0.36,0.01246559729126015,0.013234309124221194,0.01246559729126015,0.013234309124221192,40,500,25.0,,,,0.21314876060698373,0.7541296300616874,0.512227274741923,0.5751755608229292,0.2588917475573924,0.03241425825675148,0.7143646506125426
3,stage_2_random_small,92,91,1,-0.131862827762588,0.27366024653117216,1.016875654856359,0.0,0.28730281203101526,0.5826128944356403,0.03733121525019857,0.17582417582417584,0.64,0.022469239117496417,0.02457800265926793,0.022469239117496414,0.024578002659267927,75,500,25.0,-1.0419046878814697,0.01524595357477665,0.04686381295323372,0.16665576582991293,0.19686292626177426,0.6413400302237234,0.46527584809355205,0.3430592097433197,0.32804688777713165,0.43973425238012054
